Num,Timestamp,Nomprenom,Email,Telephone
1,2021/02/24 8:17:15 AM GMT+1,Ahmed Ali,AA@Yahoo. Fr,98123456
2,2021/02/24 8:19:56 AM GMT+1,hamed Mohamed,hamMoh@gmail.com,28456987
3,2021/02/24 8:30:46 AM GMT+1,anas ammari,aa@yahoo.fr,21456987
4,2021/02/24 8:35:57 AM GMT+1,Heni Hamed,H.iset@gmail.com ,29214144
5,2021/02/24 8:36:03 AM GMT+1,Hejer jawadi,hej.iset@gmail.com,29456321
6,2021/02/24 11:09:13 AM GMT+1,souhaila ammar,sou@yahoo.fr,98456987
7,2021/02/24 12:37:05 PM GMT+1,Majda Mejri,maj@yahoo.fr,78965412
8,2021/02/24 12:37:55 PM GMT+1,fatma sfaxi,fatr@yahoo.fr,21654123
9,2021/02/24 1:34:38 PM GMT+1,Naim fersi,fer.isets@gmail.com,98471258
